_id.week,_id.year,_id.station,date,temp_deg_c_avg,chl_ug_l_avg,ph_units_avg,hdo_mg_l_avg
45,2020,A,2020-11-08,26.737839341030647,8.269052106435646,8.528476315006511,8.66967665365773
16,2014,A,2014-04-20,21.88700751226175,21.047074812193454,8.801515490159558,10.654805984975477
52,2011,A,2011-12-25,17.26798534798535,9.369560439560441,7.945164835164836,7.285787545787547
37,2015,A,2015-09-13,30.859313145554296,8.428584301345511,8.460645046159703,9.133894320654672
43,2011,A,2011-10-23,25.926283201029822,10.28446384895945,8.56795580347565,8.097721948079812
30,2020,A,2020-07-26,27.82019772076672,4.690250165002174,8.57282361846021,8.784141925611307
33,2012,A,2012-08-12,20.8,15.654576271186441,8.219830508474576,7.142372881355932
19,2018,A,2018-05-13,24.632477030704877,9.309269731674794,8.890164027252634,9.471048824593128
51,2015,A,2015-12-20,18.24198090162114,8.199432441864154,7.987665738816877,7.899305859585673
17,2018,A,2018-04-29,20.338823621553882,14.806633601048075,8.654288458433527,10.94872083269816
24,2013,A,2013-06-17,26.445081047819972,16.73510893108298,9.043662271448664,7.338791490857946
40,2019,A,2019-10-06,25.836700083657707,17.939362553548435,8.559937818609765,8.180532232081271
4,2012,A,2012-01-22,15.70794871794872,17.786117216117216,8.063956043956043,9.408241758241758
6,2019,A,2019-02-10,19.921247745789803,10.377861041551999,8.465538428781269,9.226581223799514
27,2012,A,2012-07-01,15.925512820512818,17.89333333333333,8.107948717948718,9.253717948717949
15,2014,A,2014-04-13,20.76861985472155,21.187733656174334,8.79094430992736,10.844552058111379
19,2012,A,2012-05-12,21.18949152542373,11.004067796610169,8.255084745762712,7.21271186440678
23,2016,A,2016-06-05,26.995027578996968,9.359931604676502,8.447078448980506,8.577571800365167
42,2015,A,2015-10-18,28.017701754013704,14.206612079188778,8.490703725199578,8.324723101757
51,2011,A,2011-12-18,17.6883957678594,8.026626091494146,7.990413689150011,6.934079789194572
32,2011,A,2011-08-07,28.117090815107215,12.372920091684067,8.493387686383176,7.386669177043116
22,2018,A,2018-06-03,25.739183352576244,13.418755723817599,8.721545612254156,9.115868828008024
3,2019,A,2019-01-20,16.159772327633217,7.631482506112781,8.392848174089096,8.648312212007756
17,2017,A,2017-04-23,20.88311187148051,18.336022530957944,8.838761456259519,11.358552061761827
10,2016,A,2016-03-06,26.608273108569183,8.558846231124713,8.32518003521923,7.891240097717249
31,2018,A,2018-08-05,27.016496926874083,18.36583195322704,8.748466016480123,7.7547624352065725
28,2014,A,2014-07-13,28.4553775291531,14.492824116950652,8.644186346480327,7.728243460221835
14,2018,A,2018-04-08,24.975923131692866,20.784383610541504,8.802908521303257,9.1153000683527
34,2016,A,2016-08-21,30.457838601716276,8.547117550817354,8.371467133478358,7.917350878933376
33,2019,A,2019-08-21,29.77093926290838,11.068661784848272,8.659939516868134,7.9088107906197465
31,2013,A,2013-08-04,25.448826476793247,24.359645596367958,8.798580902125854,9.095550105485232
23,2018,A,2018-06-10,25.191885030758716,24.11154698407457,8.737914241952558,7.4189186491340235
31,2016,A,2016-08-01,20.399822297253326,12.255419696990202,8.521252579719114,10.74545148953184
36,2015,A,2015-09-06,27.096112851319457,10.124426088822142,8.459584316670243,8.987426732460845
50,2016,A,2016-12-11,18.923676458819248,6.665215036212765,8.016202268551092,7.332836067994603
24,2017,A,2017-06-11,25.569318891301737,9.407557067236036,8.660431704260652,8.184990443346276
49,2015,A,2015-12-06,26.505975611404796,10.16242291426278,8.371530309160935,8.535929389282972
38,2017,A,2017-09-17,29.45995701513982,7.245259598925437,,7.044286752526462
40,2017,A,2017-10-01,21.2228105136406,10.289499638883376,8.687055764681537,10.363549946694901
48,2013,A,2013-12-01,21.163866455991943,15.009263755206634,8.656061993927125,9.282548696116663
13,2014,A,2014-03-30,18.413415124380357,22.900496829393802,8.60999285264103,10.342063386313885
4,2015,A,2015-01-25,16.021201641596686,28.6304459243765,8.226728777061494,11.335574191420497
27,2015,A,2015-07-05,26.94819444058052,9.464981237172777,8.588458839406208,9.355749262396499
23,2019,A,2019-06-09,26.610832904389703,24.676278124792706,8.676089042541667,8.314768322527746
51,2009,A,2009-12-24,18.685666666666666,7.916583333333334,8.103833333333332,7.518583333333333
11,2014,A,2014-03-16,17.385525351841142,34.80382436861384,8.659548872180451,12.26794100636206
47,2019,A,2019-11-24,21.384065126077264,14.09381204025617,8.31438831343357,8.032165665786923
14,2011,A,2011-04-06,28.430262965893107,10.073545441670573,8.535867747890295,7.239775663189561
46,2014,A,2014-11-16,22.655978810219317,16.79657676079195,8.152185609339899,8.567317661241713
44,2011,A,2011-10-30,25.091158192090397,7.332579313342025,8.545847457627119,7.91280964797914
28,2015,A,2015-07-12,26.846168767524947,9.408026706249558,7.989493670886075,8.309352199266423
45,2015,A,2015-11-08,25.503843014861435,10.140117219715735,8.223337000135434,8.033289512668174
25,2017,A,2017-06-18,27.334448411590426,7.102869276437058,8.584271830331122,8.099742747964862
1,2015,A,2015-01-04,25.864736869818,10.994295113640224,8.708942435498745,10.252214397164995
45,2019,A,2019-11-10,24.472609848898838,12.110559398857037,8.445216710440167,8.112974877296272
21,2020,A,2020-05-24,24.91566323793245,8.006134374638249,8.721418990192046,10.438262065860458
11,2017,A,2017-03-12,17.200024812233526,9.98209873065212,8.72942759200437,10.95174192243008
24,2012,A,2012-06-11,23.487359843546287,13.531812255541068,8.48306605823555,7.862879182963928
9,2014,A,2014-03-02,22.62476314645806,19.985142085984194,8.62386943020306,9.786233674146251
38,2011,A,2011-09-18,29.056125446283673,10.526608676133993,8.545034891269069,6.932590068159689
31,2019,A,2019-08-05,28.26280800325556,23.992140341833966,8.70089797883885,8.498838483450896
8,2010,A,2010-02-21,17.381847724939032,14.414221425362598,8.44937561769991,10.258587978115774
1,2019,A,2019-01-09,26.53986011813479,15.49118886741913,8.48675736617184,7.6992745100294435
18,2013,A,2013-05-05,26.50429047301799,23.85767577170775,8.756362484277881,7.973331112591606
29,2014,A,2014-07-20,28.41254613008266,15.58897541120481,8.588074848137293,7.473683309676881
46,2011,A,2011-11-14,21.64364140889028,8.115002686412256,8.139660008398476,7.053995199298782
36,2017,A,2017-09-03,25.115245017203367,9.373130773850503,8.827451838395929,10.031546277753673
34,2010,A,2010-08-22,31.11395301668806,3.6396400513478824,8.219483632862644,7.379968806161746
32,2013,A,2013-08-11,27.513677618653993,18.177605270824742,8.528550369847363,7.596561503824023
31,2014,A,2014-08-03,24.15916857832863,19.0544735475495,8.75098938362884,9.713718654703422
41,2014,A,2014-10-12,25.45751823642995,16.430720607165846,8.368724329317002,8.303662840592146
40,2014,A,2014-10-05,27.454207251662734,14.913942322820567,8.671777520624788,8.477932847028534
10,2018,A,2018-03-12,18.754641995740155,14.579234616033395,8.52679534095357,8.777521758659011
47,2014,A,2014-11-23,21.49398351058939,13.031821007141323,8.04285286141038,7.886208048548748
16,2013,A,2013-04-21,20.440523948625216,29.693903811378494,9.227193775578186,12.50670677423842
32,2014,A,2014-08-10,27.149011263392783,13.20598776422526,8.376929397445759,7.975357287093892
52,2015,A,2015-12-27,17.702595580347566,9.600578416648787,7.959687172476646,7.529913752413646
48,2020,A,2020-11-29,19.54198674957708,15.857333937339812,8.463179947880157,10.73758439345372
52,2018,A,2018-12-30,18.293115330520394,5.541272855133615,8.168058432425521,5.493160081830968
19,2017,A,2017-05-07,26.555392635208126,10.635469595034039,8.701622332893715,8.512752871934378
22,2010,A,2010-05-31,17.693676311030742,11.286193037974684,8.188585216998192,8.339816229656419
6,2018,A,2018-02-12,17.54541150765382,15.04817009976761,8.383118366129215,8.437537886398646
8,2012,A,2012-02-19,14.822893772893774,6.207435897435898,8.246630036630036,10.6003663003663
30,2013,A,2013-07-28,23.520060856864657,15.174739003130176,8.3688761541738,7.720452857197869
34,2014,A,2014-08-24,30.030686414912207,15.135463842727495,8.439164422953555,7.849261417876368
14,2017,A,2017-04-02,22.726421008936335,10.636738943074665,8.67762367254686,10.04759659088792
39,2015,A,2015-09-27,24.15038351801863,15.111330369475542,8.409337331299575,9.599453001036682
11,2013,A,2013-03-17,17.5911523102425,31.305023044466083,,10.71312648374832
16,2018,A,2018-04-22,22.4581505123878,18.372816054002495,8.811590725658522,10.220108347396481
25,2016,A,2016-06-19,27.90138517062181,8.35443723628692,8.638246160790132,9.564700385276135
51,2020,A,2020-12-20,20.104081127808325,10.167159759081121,8.222129537794329,9.191476150407366
12,2015,A,2015-03-22,17.479389793099845,14.612421906175621,8.744252148227712,11.723605008452436
13,2010,A,2010-03-31,17.562739219641117,11.10872519937868,8.173875985301617,8.15078031251449
18,2015,A,2015-05-03,24.400455585098232,12.396662416972797,8.77964758631331,10.781065164587613
7,2012,A,2012-02-12,15.991732103237231,9.419363593141915,8.222413024085638,10.054838276427706
2,2012,A,2012-01-13,16.26320512820513,23.768846153846155,8.085384615384616,8.457307692307694
11,2018,A,2018-03-18,18.87314965134023,10.425685112449965,8.596123791695016,10.240615660907832
42,2020,A,2020-10-18,28.190049559358773,11.265377558479532,8.707862245941193,8.714252072854046
5,2020,A,2020-02-02,22.055238788643774,17.427452920105168,8.682480488536044,10.63129907423278
5,2018,A,2018-02-04,26.883708318989694,9.81177904130622,8.793955465948402,8.824646755062485
3,2015,A,2015-01-18,15.98526075619296,19.174518252933506,8.069239847409339,10.16140880776474
21,2018,A,2018-05-27,23.978200620286145,8.967138186375028,8.732787932827407,9.286500693020429
27,2016,A,2016-07-03,25.02301312274836,10.211509436568248,8.562312074823337,10.082304952247402
28,2011,A,2011-07-10,27.643603149360583,9.64847494430808,8.585745620150588,8.04760962916824
38,2015,A,2015-09-20,30.266800400486304,8.8104301652006,8.42331768246057,8.252424014875205
44,2015,A,2015-11-01,20.377391935333225,14.16924903360095,8.489491429723735,10.5627721185297
36,2019,A,2019-09-09,26.9134476019837,17.703909897792965,8.517588902945729,7.708522385045508
7,2015,A,2015-02-15,15.59142891968378,18.575540229885057,8.281454156223893,10.114151017154224
1,2018,A,2018-01-07,27.765418488684315,15.79273862677407,8.772588927247156,7.83975015982611
51,2016,A,2016-12-18,17.32371234603919,6.500437301425298,7.964591886309179,7.629408448963397
29,2016,A,2016-07-17,29.516358341939355,5.552557588824677,8.334979729813343,8.224379883267225
22,2019,A,2019-06-02,22.95244455145596,21.83239933080123,8.665930548019533,9.724902767227347
43,2019,A,2019-10-27,23.165712809841725,9.875712341610077,8.398482326270468,7.830660471243416
35,2019,A,2019-09-01,20.762862344772195,24.461791977789677,8.769687488671693,10.601801091657341
15,2017,A,2017-04-09,23.04477332117272,14.10596703705794,8.468793859649123,9.215005177927777
39,2013,A,2013-09-29,21.27981505469316,17.61763573748419,8.566908269498704,9.16679316291157
52,2014,A,2014-12-28,18.76402542372881,11.626987288135593,7.900372807017543,7.853983050847457
13,2017,A,2017-03-26,17.558915713445963,8.715720921166515,8.71457208766406,12.073925061246753
30,2010,A,2010-07-31,18.247,8.1735,8.0985,7.4875
11,2019,A,2019-03-17,16.642575414003986,9.394254878719165,8.728253710575139,10.726428313749743
36,2013,A,2013-09-09,26.449411428162765,23.92837034347885,8.549161797634934,7.587249159693914
44,2019,A,2019-11-03,24.52653456984379,23.142477752640502,8.792786101782484,9.912324906691994
30,2015,A,2015-07-26,27.70503722518321,7.6494891500904165,8.045,8.774447939468926
25,2011,A,2011-06-19,27.012920584886047,7.576156624252526,8.71765648947348,8.292794360184619
49,2011,A,2011-12-06,28.58319603540246,12.113039030750151,8.627961953435902,8.116032046250318
27,2017,A,2017-07-02,23.33980597911309,10.172535794252695,8.644396953363836,10.036327175749916
17,2014,A,2014-04-27,20.089746105812118,22.158519094346037,8.71418845353279,10.058634264932213
0,2014,A,2014-01-01,17.215918765296554,26.986394022049907,8.54918079096045,10.212352180973948
0,2015,A,2015-01-02,15.86985057983943,25.179470561998215,8.438306220095694,11.472216770740411
35,2020,A,2020-08-30,21.93947432988699,16.24010218943965,8.608065255757966,10.18752958543755
12,2010,A,2010-03-21,18.722600499659322,13.039200545082899,8.627179196002725,11.187972972972972
45,2013,A,2013-11-11,22.830003482365033,32.74059062330954,8.630897842379355,7.836574083089906
34,2015,A,2015-08-23,30.532561780241743,8.333081576568002,,7.976691705529647
20,2016,A,2016-05-15,25.07315998626148,12.086289455782312,8.718543617290743,12.122413809507036
39,2014,A,2014-09-28,21.973206522248965,19.426456874355345,8.506185471636117,9.15469421930774
24,2015,A,2015-06-15,26.305424869030915,,8.695907294384668,8.81766841808004
37,2018,A,2018-09-16,29.373798920333996,14.025973252513694,8.900750724003244,7.718578074964044
13,2018,A,2018-04-01,21.851622444645294,12.041414988925132,8.606368304731575,9.664984469893158
49,2014,A,2014-12-07,25.47776596070739,14.831855978177584,8.370211246413225,8.299430532994146
29,2017,A,2017-07-16,29.979395779243365,4.564339128720595,,7.968486305772633
32,2010,A,2010-08-13,30.77917721518987,5.594177215189873,7.762784810126583,8.487721518987343
24,2010,A,2010-06-15,26.877067241099763,,,
53,2012,A,2012-12-30,18.378135593220343,10.67966101694915,7.980762711864407,7.4488135593220335
20,2014,A,2014-05-18,24.2708937924995,15.855483153777532,8.78922305764411,9.316034904732495
18,2016,A,2016-05-01,21.347162530311,13.237885164365704,8.477545736106132,10.174471023505564
39,2020,A,2020-09-27,24.523876986144796,10.36654993767634,8.561115823009805,9.803963973774563
45,2018,A,2018-11-11,22.694997455240866,47.151901027601475,8.735506208945365,7.8376962484035815
8,2020,A,2020-02-23,16.024374315841758,20.168243602194355,8.743834365056642,14.021695611032257
36,2012,A,2012-09-02,15.060512820512821,7.550769230769231,8.152820512820513,10.146666666666667
41,2020,A,2020-10-11,27.30805568655878,9.32395320464016,8.59052929667688,8.500030186719682
15,2015,A,2015-04-12,19.24643531107108,16.390534933903254,8.79267562584302,11.386453771093793
2,2010,A,2010-01-13,18.27746875,10.54490625,8.1533125,7.8985
32,2015,A,2015-08-09,27.63085052821928,9.546044470353097,8.282765435222672,7.992679523175027
31,2012,A,2012-08-01,15.853744939271255,15.55004048582996,8.12068488529015,9.351919703103913
25,2013,A,2013-06-23,27.105862577365013,31.718827463593914,8.7733726066665,7.4521971772672115
4,2013,A,2013-01-27,16.34086055650379,16.989230738697255,7.965423728813559,7.680383042908744
35,2014,A,2014-08-31,21.352936960105694,20.020903439111617,8.63357021630862,9.605104012982467
12,2018,A,2018-03-25,20.158117107440354,8.940157337407852,8.789924690058502,11.29212511448152
21,2013,A,2013-05-26,24.21012435659396,19.583407698841388,9.169024435940287,8.047342258753472
42,2014,A,2014-10-19,26.2105506004544,17.059583720382992,8.476224302889767,8.038194287568972
4,2010,A,2010-01-24,17.367365807715494,9.121521021699818,7.9744420584689575,6.8030484478601565
44,2016,A,2016-10-30,21.06120843708486,12.276024093186129,8.478492521336511,10.161549491296327
7,2020,A,2020-02-16,15.73672261097528,23.075075530882383,8.526525545795133,12.236044470788233
0,2020,A,2020-01-01,16.891291060842807,24.456164121113087,8.430900147902527,10.45038199704195
26,2017,A,2017-06-25,26.049298113628755,5.826841790502245,8.323939996567944,8.27270192131075
6,2010,A,2010-02-07,22.149240506329114,21.87873417721519,8.43018987341772,8.42772151898734
41,2016,A,2016-10-09,25.641947678897736,10.32631169676307,8.354765719086677,7.665840308310751
22,2017,A,2017-05-28,20.812719180594968,11.00825860799337,8.730715917971505,9.78758766162215
27,2020,A,2020-07-05,27.37330491994361,7.387008533846614,8.704755875658604,9.18751994054729
27,2010,A,2010-07-07,28.141234567901236,8.054444444444444,8.677901234567901,9.090123456790122
36,2016,A,2016-09-04,26.42214654712208,10.412869122955708,8.526531535330784,9.441232021045035
39,2018,A,2018-09-30,22.319616957947215,11.46912578800173,8.712918739951068,9.580700679810993
9,2020,A,2020-03-01,20.34881388171351,17.073727074965255,8.615352045520915,10.65064827795116
47,2020,A,2020-11-22,23.37722447662576,7.937115360127898,8.360121418212183,8.80576193411417
43,2016,A,2016-10-23,26.51145903013593,10.76308682169253,8.408190181065283,7.688630092938157
27,2014,A,2014-07-06,26.5216958347381,14.623326146034472,8.522089365328787,8.177728568363625
6,2017,A,2017-02-05,27.23153101498232,10.823629625846864,8.790955120828537,8.598698116481902
30,2016,A,2016-07-24,29.33371282770682,5.60024201996149,8.306774652031866,8.06086345745334
50,2015,A,2015-12-13,18.750632911392408,7.328426763110308,7.999044519526664,7.901916817359855
50,2013,A,2013-12-15,18.357506053268764,15.808907990314768,7.865280612244898,5.685690072639225
25,2018,A,2018-06-24,28.289052458199397,6.001682801948618,8.579536386629243,6.948416205563144
11,2010,A,2010-03-14,18.56193100558148,12.669070198187132,8.550459179049124,11.53413591630797
6,2016,A,2016-02-07,25.314280234407033,9.970120145744016,8.315728193485558,8.366307317108275
39,2019,A,2019-09-29,22.4567403636478,17.35974363538501,8.64294401292907,9.209423584537168
3,2014,A,2014-01-19,16.15954887218045,24.46421804511278,8.040751879699247,8.736466165413534
43,2014,A,2014-10-26,24.0990221618636,16.597854584123407,8.4960911520192,8.433011012601286
6,2020,A,2020-02-09,22.326593318367628,10.431176733554878,8.453821785885836,9.40572392258351
13,2013,A,2013-03-31,19.736007971807208,19.32976292673482,8.789213645498105,10.304355756754868
27,2019,A,2019-07-08,26.393704553212682,13.582551858790811,8.512049524616952,7.6794380916406455
15,2011,A,2011-04-10,23.869683186726743,9.84483801759279,8.281916613030107,7.542522348566116
5,2014,A,2014-02-02,21.550162057686588,19.85706333630687,8.635810432674647,10.096248884924174
2,2016,A,2016-01-10,20.064464505910546,12.605917637155569,8.146838351938971,8.178469427780735
31,2010,A,2010-08-01,20.17089307202018,10.905803844908803,8.408103127162725,9.531432148996494
32,2016,A,2016-08-07,26.93846163756099,7.958352427089001,8.295562837807905,7.893017350196409
42,2016,A,2016-10-16,27.07123226338049,11.074618545614786,8.447666392031737,7.913374178333899
28,2018,A,2018-07-15,29.148469259754425,7.247744321886243,8.62729978615919,7.328245272968084
36,2014,A,2014-09-07,26.8357175770335,14.010816333491295,8.475952081508213,8.08194885740812
9,2017,A,2017-02-26,15.940874631097756,9.968739660525516,8.515791063706738,11.22995805285748
32,2018,A,2018-08-12,28.401205728167753,15.708776033916262,8.631902204687014,7.188026193216067
2,2014,A,2014-01-12,16.83378233719893,16.818246591053907,8.019793301435408,8.299771887345482
50,2009,A,2009-12-17,19.0915,6.9295,8.129,7.5755
45,2010,A,2010-11-07,29.86875,6.29025,8.246125,9.5539375
14,2014,A,2014-04-06,26.590683187021448,14.013885668527639,8.5078572849014,8.13440864053525
46,2015,A,2015-11-15,22.62761547184847,10.216811229962914,8.09344149531219,7.866269347472952
0,2013,A,2013-01-01,18.530866702424373,15.530641354323105,8.626185381355931,10.530158855395838
33,2018,A,2018-08-19,29.58308027161492,13.105540780251493,8.705667533688361,7.545853895125369
15,2018,A,2018-04-15,22.38713295036386,17.16589988441264,8.834999237110736,12.208515241544191
2,2019,A,2019-01-13,16.461141738605345,4.452531458947644,8.254078027161317,7.517475847293184
31,2020,A,2020-08-02,23.140733391915905,20.759003448490883,8.71018933705849,10.622554004578925
47,2012,A,2012-11-18,22.978184019370456,13.850992736077483,8.398450363196126,7.293123486682808
17,2016,A,2016-04-24,22.97049223930486,15.589827842301764,8.854599022582118,12.657758347467132
38,2013,A,2013-09-22,28.267734179045473,23.537158021666873,8.545084229561246,7.25731794066471
40,2012,A,2012-10-01,15.824358974358974,9.330128205128204,8.116282051282052,9.301538461538462
7,2016,A,2016-02-14,16.222651688677008,24.982924954792043,8.562794621166457,13.853385751730688
44,2012,A,2012-11-01,15.83448717948718,10.401410256410255,8.131666666666668,9.44025641025641
48,2017,A,2017-11-26,19.783594466718853,14.190621133241969,8.443542443832674,8.491195094902038
24,2014,A,2014-06-15,26.24612020261056,15.200375365283458,8.44348923155346,8.066130917592051
48,2014,A,2014-11-30,20.023739443948855,18.66952630587769,8.583001895401896,9.213431038755079
36,2010,A,2010-09-07,28.174567901234568,8.69037037037037,8.679135802469135,9.16246913580247
41,2015,A,2015-10-11,26.436876859105997,11.114850564225163,8.367925756178492,8.14528104377922
28,2017,A,2017-07-09,27.494209631707587,7.277227307544808,8.43202396531564,7.788883695359746
42,2017,A,2017-10-15,26.482758222848414,9.992334509899385,,7.420860018146411
26,2014,A,2014-06-29,21.37245122258057,20.287790800338524,8.53047393445587,10.024132920305979
2,2017,A,2017-01-08,23.76373603517035,10.245039294010514,8.262656776094277,7.990948784004453
18,2010,A,2010-05-02,23.298499639110517,17.007250250435156,8.244032911158353,8.464884816391962
38,2010,A,2010-09-20,29.641025641025642,5.59025641025641,8.426923076923076,8.493333333333334
20,2015,A,2015-05-17,24.38428860122928,9.838895678897373,9.355796177302528,13.365954709132676
7,2019,A,2019-02-17,15.949368549874878,7.350409520156355,8.5455943713369,10.561296874714596
15,2016,A,2016-04-10,22.061571951103605,11.75029744089064,8.557865680633128,10.001673861058508
32,2012,A,2012-08-11,25.648205128205127,12.684871794871794,8.654871794871795,7.934871794871794
11,2020,A,2020-03-15,17.310394486703615,38.20075480814988,8.828279681677417,13.264207817498956
48,2012,A,2012-11-25,21.156303694046066,10.517539026510214,8.276792220773576,7.306598913515861
33,2014,A,2014-08-17,29.712024237131832,15.318065543358424,8.406907074250956,7.7074024888418355
29,2018,A,2018-07-22,29.544708479739644,6.176810526893097,8.678984123163211,7.500007615551015
3,2020,A,2020-01-19,16.23603258256162,9.671709618874774,7.897777351202941,7.258598527153428
33,2017,A,2017-08-13,30.549933772556194,6.724506065812766,,7.373721119516223
20,2017,A,2017-05-14,24.978184868101305,12.802899407931145,9.175394632312997,11.629304255462257
12,2013,A,2013-03-24,18.128440123251163,14.11344841415247,,11.08263090082802
19,2010,A,2010-05-09,30.62538461538462,3.6192307692307693,8.53076923076923,7.811025641025641
34,2017,A,2017-08-20,30.19734344595314,8.018247959806633,,7.329541414934272
9,2019,A,2019-03-03,24.144000000000002,18.758454421768707,8.687945440802585,9.592342857142857
52,2012,A,2012-12-23,18.56710823669343,10.16614183764496,7.982661314302706,7.393587570621469
42,2013,A,2013-10-21,25.01173492833612,32.372068087101134,8.661362608486064,7.820261060717648
3,2013,A,2013-01-20,16.076901339381493,14.65308486836056,,7.789695650841328
36,2011,A,2011-09-06,28.508514524382782,12.685495525320428,8.584031421752869,7.934685879017112
10,2014,A,2014-03-09,22.039056794859594,22.27303685854452,8.40700821596611,8.839190088170767
49,2017,A,2017-12-03,25.347705657206056,8.989046314235479,8.830422842565783,9.6820282702585
0,2010,A,2010-01-01,17.883130952380952,10.002630952380953,8.09579761904762,7.585297619047619
16,2017,A,2017-04-16,20.469894183238132,22.49140971501188,8.793156973645544,12.155902493666455
26,2018,A,2018-07-01,22.079241846623063,10.924472092001015,8.589627022179586,9.60810805428922
15,2012,A,2012-04-12,21.2795,10.404250000000001,8.27325,7.22175
25,2020,A,2020-06-21,26.934518213414396,7.865385606191672,8.608286097674794,9.072975249158095
8,2017,A,2017-02-19,14.838267824864332,8.835378544701017,8.529638084650944,10.84520389456186
47,2013,A,2013-11-24,22.344484629294755,44.264103074141055,8.743562386980107,8.115262206148282
47,2017,A,2017-11-19,22.544588744588744,14.791933621933623,8.537864357864358,7.9538961038961045
21,2017,A,2017-05-21,24.899826185781137,15.303880351728688,9.17020680653311,9.958391067897185
15,2013,A,2013-04-14,20.0697260260714,23.75585014698299,8.077627551500505,11.789112165739386
35,2016,A,2016-08-28,24.493559641387556,10.236152015990049,8.34716757557248,8.765841026835398
4,2017,A,2017-01-22,15.359759552535582,11.735381207181737,8.316959984734664,10.095769345185403
11,2015,A,2015-03-15,17.49003021261245,20.345536887607146,8.748333333333333,13.297104390672235
7,2018,A,2018-02-18,16.803135765883884,8.034682872480206,8.219673058885784,8.225719969232573
17,2020,A,2020-04-26,19.83126318494563,10.80423849440928,8.691140307563169,11.249294274834797
28,2013,A,2013-07-14,28.51273555328194,18.712326789283335,8.548050213878579,7.822791456489325
8,2019,A,2019-02-24,16.49245473948251,9.530463487888442,8.594468642332437,10.582193144680746
23,2015,A,2015-06-07,26.82365196985665,9.964964533071162,8.359456202311598,8.362077298729305
40,2013,A,2013-10-06,25.527023664779037,22.43406405027399,8.60603874833805,7.182240228736398
35,2015,A,2015-08-30,20.45938711429813,16.27890811965812,8.644407709887748,11.440648341300884
7,2017,A,2017-02-12,15.716643218959419,10.018458736673852,8.492169985512149,10.325584549110033
47,2018,A,2018-11-25,21.940856913831595,39.94817033037286,8.807334657840988,8.061971008363413
39,2017,A,2017-09-24,28.253895528172343,7.386182781044795,8.059473684210525,7.132058038592642
45,2014,A,2014-11-10,23.41327576342702,16.21874451119216,8.20413261484205,8.61339233354788
21,2016,A,2016-05-22,24.715549780739654,12.041194073156099,8.671904712727498,10.366012798734317
6,2013,A,2013-02-10,20.290718959102353,19.760409069071052,8.622658783033533,8.42441727775669
2,2011,A,2011-01-09,25.289885754130015,11.026833297575628,8.396565114782236,7.735793821068439
27,2018,A,2018-07-08,27.31457357027732,19.642505631591124,8.702232415618406,7.4479334602819955
42,2011,A,2011-10-16,26.810198915009043,13.40632911392405,8.611952983725136,8.562043399638336
44,2013,A,2013-11-03,24.745446202531646,16.38595453586498,8.805354706341848,9.184483951175407
39,2016,A,2016-09-25,26.837154363596422,8.229607717949898,8.359579301114515,7.60322301103279
52,2020,A,2020-12-27,19.26891095016095,9.12731270733848,8.116693436860963,8.742317981274168
48,2018,A,2018-12-02,23.88335051156491,10.36489744420975,8.651456497452061,8.893605790912916
14,2016,A,2016-04-03,25.40334165158071,10.808869389471287,8.500694583974646,9.596170698908391
33,2010,A,2010-08-15,31.132903301883097,4.696325847403399,7.744840215889421,8.520872643409367
16,2016,A,2016-04-17,22.25254610392106,13.162562278320152,8.839555312476447,13.74488971595682
23,2020,A,2020-06-07,27.689380781678945,6.4909756673452295,8.58579977232961,8.522056346569274
29,2010,A,2010-07-18,28.966923076923077,6.408205128205128,8.53897435897436,7.62051282051282
48,2010,A,2010-12-01,17.89253668005355,15.378885207496653,8.332731593038822,10.65075655957162
45,2011,A,2011-11-06,27.39807275004569,11.794539651500918,8.573787030525603,8.1133575624899
8,2013,A,2013-02-24,16.764430992736077,9.120000000000001,7.95728813559322,9.833680387409201
24,2011,A,2011-06-13,26.469996213350644,9.647772638753652,8.77329276209023,8.748703343070432
50,2018,A,2018-12-16,19.21180740497196,39.23826828867335,8.59750488611248,7.672897327707454
24,2018,A,2018-06-17,27.98865842989067,6.371253689047541,8.670122289805834,7.184579842787024
14,2013,A,2013-04-07,25.556820933688304,24.386253547380193,8.575898484707468,8.245892775102702
1,2016,A,2016-01-03,24.9079392314844,12.32257457121604,8.569362021269573,10.203697093763887
10,2019,A,2019-03-10,20.34179905258608,12.336356695342118,8.645932916238973,10.124490793510294
21,2019,A,2019-05-26,23.87280176751037,25.480382489264247,8.660818825609484,10.648497580919209
43,2013,A,2013-10-27,22.14813835167193,27.632180249486623,8.534911279611459,7.870344499954025
46,2018,A,2018-11-18,22.536652865966428,47.79713911468446,8.819337100752355,8.266583853999109
8,2015,A,2015-02-22,15.407931063215292,15.948776393677175,8.504912704912705,10.748759875681651
4,2014,A,2014-01-26,16.3028501338091,25.412979036574487,8.06866081871345,8.489073743681237
40,2015,A,2015-10-04,26.4272371540442,11.106539614429765,8.738305914130777,10.056917392037269
14,2020,A,2020-04-05,27.41929017725025,6.990407272362963,8.69491627152036,9.12895864936137
9,2016,A,2016-02-28,18.17703666531115,15.80519508398922,8.50809719926975,11.194574968299152
48,2011,A,2011-11-27,19.92725545855132,8.641614157851016,8.120768446850295,7.197948085312385
49,2013,A,2013-12-08,25.522695877961702,20.851555393270583,8.487355360699704,7.311981499513145
8,2018,A,2018-02-25,17.162278485675515,12.428303200412081,8.421182578030045,9.840038239318547
52,2009,A,2009-12-27,18.481187499999997,6.732729166666667,8.063833333333333,7.212645833333333
12,2014,A,2014-03-23,18.742863428943938,32.69894060501645,8.787788896132117,14.615475802446142
51,2014,A,2014-12-21,19.180648040135107,10.125203000983554,7.931677019416358,7.94446426801467
17,2013,A,2013-04-28,19.370915703762734,16.580799864120717,9.020477320675106,11.369425501374119
6,2011,A,2011-02-06,26.593411124222268,10.08511990372036,8.45350747463757,7.598319172004781
3,2017,A,2017-01-15,15.558791430452276,11.902155117441593,8.252606333782294,9.789321987242108
40,2016,A,2016-10-02,23.501339175723324,11.716491646499327,8.557403084147166,10.59861295804484
5,2013,A,2013-02-03,23.145600085818494,21.075881484659945,8.793049078392182,10.486913966959879
19,2016,A,2016-05-08,25.38882416127172,9.561259477129116,8.378453865464708,8.591403987237396
14,2010,A,2010-04-07,29.581875,19.98085648148148,8.21353549382716,8.072194444444445
17,2010,A,2010-04-30,18.107495762711864,8.481724576271187,8.080148305084744,7.4075889830508475
28,2016,A,2016-07-10,26.801845464614434,6.5265761055259635,8.293936893918744,7.915857232623592
21,2015,A,2015-05-24,25.363820568370077,9.379692899458556,9.429954350161116,11.561900677377931
9,2015,A,2015-03-01,20.425924755088456,17.341257552732973,8.640073118074705,11.366873485917964
4,2016,A,2016-01-24,15.835690072639226,18.568964784843466,8.146371861858034,9.63572575506563
33,2020,A,2020-08-16,29.593909603381743,8.162490860832568,8.713458511469058,7.555714177652983
49,2020,A,2020-12-06,28.191684840814215,6.924321782168743,8.658263053585678,8.503552751454738
19,2011,A,2011-05-08,25.962489684842872,10.95198843708714,8.384191081651782,7.364404927788255
13,2015,A,2015-03-29,17.632010327486658,18.958544610657455,8.634430891789915,11.413271635569615
48,2016,A,2016-11-27,18.405074123711756,10.03279149728195,8.192966229124897,8.858948379804419
43,2020,A,2020-10-26,27.35274446693657,13.136821814552407,8.522952606275304,9.479002114260009
5,2012,A,2012-01-29,15.74488529014845,14.015703103913632,8.06280701754386,9.18314709851552
45,2017,A,2017-11-05,27.529818708105754,8.87882642628782,8.875749135181472,8.596824438889445
44,2010,A,2010-11-01,17.884218473895583,14.294268641231595,8.356832998661313,10.39211124497992
26,2016,A,2016-06-26,24.900103187370203,8.324614571128825,8.353735336578122,8.652408258760799
6,2014,A,2014-02-09,21.550567644169426,21.20592739142428,8.34381911509543,8.781838128898732
1,2020,A,2020-01-05,27.367018821314737,7.0569100586488345,8.693926081854654,9.266198511012798
33,2015,A,2015-08-16,30.88444951267355,7.223730545253931,,8.63550371624728
23,2013,A,2013-06-09,25.6540882284724,20.058180573266764,8.696946904490238,7.404967211935987
40,2010,A,2010-10-03,23.3339125,12.880495833333333,8.688312499999999,11.365404166666668
52,2016,A,2016-12-25,16.76255679207444,5.0882076066869155,7.992378463660868,7.980969829960072
30,2014,A,2014-07-27,25.06209646527276,14.375570964915127,8.518426757336622,7.722117835188262
20,2013,A,2013-05-19,24.72826071444289,11.283006842430146,9.47331118202401,9.268997572798368
37,2017,A,2017-09-10,27.678914541955354,11.636887173012175,8.351025641025641,7.71813795898412
26,2020,A,2020-06-28,21.391970719987192,23.132146686441132,8.549544455048188,9.78183684264051
37,2013,A,2013-09-15,28.964251640237396,18.299775796355544,8.550499837715027,7.386932431492559
50,2020,A,2020-12-13,20.71953634381057,12.087303196984504,8.261345372155905,9.02052178792803
23,2017,A,2017-06-04,26.19290937666206,10.600465876446782,8.753098936043001,9.019404373206973
38,2020,A,2020-09-20,30.474829546184235,4.789149713555834,8.600255927387822,7.799584978341796
2,2020,A,2020-01-12,17.49149500486602,12.919103970606052,7.932485154130863,7.179946676659236
25,2010,A,2010-06-20,27.58947684917422,,,
33,2016,A,2016-08-14,30.071112919541577,8.484115404081013,8.324067874684951,8.274750000000001
16,2015,A,2015-04-19,19.54515665991396,10.667754556760105,8.898013237067747,11.991059267104054
6,2015,A,2015-02-08,23.109842090683188,14.314558735844995,8.304540243833065,9.13290499787996
28,2020,A,2020-07-12,27.829025268109802,5.9619769375548435,8.676899671395846,8.63134475860331
35,2013,A,2013-09-01,21.072466841604363,18.757784162304684,8.768788738803568,9.225792981450002
30,2011,A,2011-07-24,29.498665888823236,11.641388874511852,8.685472339120519,8.48119929003714
46,2013,A,2013-11-17,22.733725135623867,41.62272151898734,8.69911635750291,7.784376130198915
18,2011,A,2011-05-06,27.415687499999997,7.872886075949367,8.526,7.2425625
10,2010,A,2010-03-07,22.125838933166637,23.002020107308436,8.680642808772204,12.398725321664843
14,2012,A,2012-04-01,16.138589743589744,8.87628205128205,8.062307692307693,8.865128205128205
19,2013,A,2013-05-12,23.491777020447905,12.6179099859353,9.084560207724765,9.722722330412203
51,2017,A,2017-12-17,18.825220259076108,3.3932040067792504,8.317975425258028,7.418715989342069
49,2016,A,2016-12-04,25.524667743387205,10.487310726402633,8.556288505309736,9.65585811856823
11,2016,A,2016-03-13,18.304900066622253,15.353181212524984,8.666339107261827,13.352834776815456
18,2017,A,2017-04-30,19.461987392668558,11.959323872784212,8.582977336168456,10.47117342100076
44,2014,A,2014-11-02,22.88085485878974,20.582209709410424,8.688027255230645,9.51429937294344
47,2011,A,2011-11-20,20.736333098354123,8.906341680203512,8.148207619456278,7.399538112606123
13,2016,A,2016-03-27,18.113645167110814,14.032464384854542,8.643106331889852,11.242397151898734
1,2012,A,2012-01-01,16.1364979757085,8.175168690958165,8.028461538461539,8.588502024291497
26,2019,A,2019-06-30,20.011649138973336,16.90345264502252,8.542100828055881,9.294197584751927
31,2011,A,2011-07-31,30.11,8.345666666666666,8.658333333333333,8.607333333333333
36,2020,A,2020-09-06,28.085344356712685,6.7169404881649895,8.682687768050071,9.223462009793295
4,2019,A,2019-01-27,16.330422307232936,8.039412515667308,8.320468879331008,8.812243028152135
2,2015,A,2015-01-11,18.252595758292447,15.931048921631216,8.1247403891233,8.988327480825035
36,2018,A,2018-09-09,27.1122001000892,24.262719512149314,8.793623067720741,7.549503345270165
43,2017,A,2017-10-22,26.005698929453835,11.16425172992105,,7.7541184966912
1,2014,A,2014-01-05,27.467425498265055,14.607592250682652,8.666991809410368,8.756250079743062
48,2019,A,2019-12-01,19.281618528648366,15.26491707072313,8.634790009066682,10.335024864627034
51,2019,A,2019-12-22,18.53926420454552,7.713509848007553,7.986718896059393,6.563771288425138
20,2020,A,2020-05-17,24.71411458261844,8.253510057285135,8.6457307742491,12.418499667845435
29,2011,A,2011-07-17,28.56505538302456,12.385788763836226,8.674129724458863,7.83311029054987
47,2016,A,2016-11-20,21.62194986884105,9.160886268588062,8.233027914403975,7.612162834229745
3,2018,A,2018-01-22,16.667248758774182,3.4219351709182217,7.895443987901615,5.402358329053244
17,2015,A,2015-04-26,19.551436638913668,14.47907682376846,8.868666895818437,13.426055629893943
45,2016,A,2016-11-06,25.279656565656566,9.971555555555556,8.332874493383297,7.974565656565656
27,2013,A,2013-07-07,26.5095647858939,23.298135936704853,8.524312416142596,7.237192523057502
1,2013,A,2013-01-07,27.187906062624915,24.871914990006662,8.60251476793249,7.5724263824117255
41,2012,A,2012-10-11,22.868932203389832,14.197790960451977,8.364884180790959,7.15830790960452
47,2015,A,2015-11-22,21.65404564227926,7.788643074060293,7.899367685434654,7.7869039485151905
16,2020,A,2020-04-19,21.839008025207068,21.984067342414267,9.015119197395034,15.552199068320977
50,2012,A,2012-12-11,20.907089960886573,11.750274663189918,8.137118644067797,7.435067362016514
7,2013,A,2013-02-17,16.190290556900727,8.744479418886199,,9.918740920096852
5,2010,A,2010-01-31,17.47898580897502,14.030051949789929,8.154842738162714,8.142795030273586
18,2020,A,2020-05-03,24.835547314228137,15.35353921030287,8.798943200381412,10.996895907247206
31,2017,A,2017-07-30,20.533462754352968,9.685994837132759,8.463111235721504,10.208557481394598
8,2014,A,2014-02-23,16.499189936216027,29.53347220953296,8.498107287449391,10.952111112200317
43,2018,A,2018-11-02,17.69181843575419,11.670368715083798,8.5120156424581,10.659967597765363
46,2020,A,2020-11-15,24.453135678022893,8.907936673184794,8.386294688185666,8.63386658037034
39,2011,A,2011-09-25,28.737355604738084,14.733779100185563,8.562891518648584,8.93225612303662
46,2016,A,2016-11-13,24.070524932170503,9.378608201456302,8.364271645558576,7.751431508013787
52,2019,A,2019-12-29,17.845445269016697,11.709682883254311,7.834830962688105,5.759252044252044
22,2020,A,2020-05-31,20.10353720965665,15.938623236361085,8.590372877163746,10.715347853880697
34,2019,A,2019-08-25,30.367261020373267,10.180364501426364,8.717523290240127,8.146967693300601
3,2010,A,2010-01-17,17.968029540805738,11.144071691666912,8.062486214043616,7.3163008688326965
9,2010,A,2010-02-28,17.33984646091034,12.983475675074784,8.211368006710323,8.440767129517342
27,2011,A,2011-07-07,29.365023206751058,12.552135021097046,8.536293248945148,7.151740506329113
33,2013,A,2013-08-18,29.638605108499096,19.266090717299576,8.487019082982993,7.359910575184309
19,2015,A,2015-05-10,23.877544872397834,11.576744661867735,8.840505876682728,11.582233473862876
26,2013,A,2013-06-30,20.966309804762925,19.33992415790603,8.728451547838164,9.373125938639776
34,2018,A,2018-08-26,27.962096012655643,11.336850775362766,8.693132138274043,8.072497288779768
5,2015,A,2015-02-01,19.0975472860507,17.08883724658234,8.638988617376775,11.257983495300316
37,2020,A,2020-09-13,31.123894038618566,3.153379280025178,8.723587529535495,8.457654862851106
29,2013,A,2013-07-21,28.498766491351578,19.20204317868308,8.486528138546042,7.404009089778303
52,2017,A,2017-12-24,18.466984655658205,3.057039334564318,8.171240421433627,6.581455846840257
9,2013,A,2013-03-03,24.406840109418578,25.499529167943727,8.858209644609222,9.715948033837007
30,2017,A,2017-07-23,30.517401351695515,4.04983460743685,,7.826701767439336
11,2012,A,2012-03-12,21.377457627118645,9.853389830508474,8.294406779661017,7.3338983050847455
2,2013,A,2013-01-13,16.096914730996048,8.982770708246656,,6.468843599425505
35,2018,A,2018-09-02,24.09983058813814,9.335991663811992,8.683121848364335,9.105572992405492
24,2016,A,2016-06-12,25.767635875938407,8.794570352713391,8.573777805657219,9.44583701572689
23,2011,A,2011-06-06,27.576985037692292,10.627948298024892,8.482707649581817,7.471732329275292
13,2019,A,2019-03-31,18.619211625203697,13.295578284388052,8.372793201000167,8.0414288629329
52,2013,A,2013-12-29,16.981242937853107,11.616949152542373,8.205181818181817,6.373615819209039
37,2014,A,2014-09-14,28.983529592055657,16.355696386428416,8.44078499838756,8.005578815091795
29,2015,A,2015-07-19,28.970864481322177,8.281967064078566,,8.84605895305789
30,2019,A,2019-08-01,16.104160995924154,12.240726696792485,8.592652162652163,10.766799242424241
32,2020,A,2020-08-09,28.367066968666347,8.145128871531472,8.614992804021293,8.32357837156749
9,2012,A,2012-02-26,15.647696806117859,13.778614484930275,8.129649122807018,9.420211426000899
49,2019,A,2019-12-09,23.741712698333302,12.902141408559125,8.388367887427544,7.820036559995439
5,2019,A,2019-02-03,24.116953205524634,16.929371519879997,8.671773266007433,9.588562152133582
10,2017,A,2017-03-05,27.266037909471695,10.518239735459364,8.826081969483868,8.606504087983762
34,2020,A,2020-08-23,29.699695244672846,8.485882206395335,8.72032167239117,7.811192137580212
49,2012,A,2012-12-02,15.063846153846153,8.281538461538462,8.165641025641024,10.245384615384616
38,2014,A,2014-09-21,28.619802259887006,17.21294554101409,8.468829836306572,8.162283844668526
0,2018,A,2018-01-02,20.83391448563416,11.094742939600083,8.615113444806166,9.690178426545003
37,2016,A,2016-09-11,21.632373417721517,8.949506329113923,8.163133333333334,7.473643459915612
10,2015,A,2015-03-08,23.677183285214557,13.67110447815944,8.471003264490339,10.288666142014812
26,2011,A,2011-06-26,27.34443916680224,5.576153846153846,8.620974076237015,7.802062457757893
33,2011,A,2011-08-14,29.549499773960214,21.164204244950607,8.577274638336347,7.217758589511754
19,2014,A,2014-05-11,23.52826440347895,15.125820310455476,8.671156039264991,8.88499512752141
22,2012,A,2012-06-01,15.998205128205129,13.156410256410256,8.112307692307692,9.274871794871796
44,2018,A,2018-11-05,28.069888788895117,9.938913442113442,8.769098967605297,7.730836169222246
28,2012,A,2012-07-11,23.40593220338983,13.461779661016948,8.458644067796609,7.625338983050847
50,2011,A,2011-12-11,18.98612788055826,7.31917429406037,8.097740344044142,6.90833041220383
19,2019,A,2019-05-12,23.144239018716867,9.690995274064894,8.63313830859717,12.32327007907704
23,2010,A,2010-06-07,29.33617374005305,13.635875331564986,8.618189655172413,8.02868700265252
44,2020,A,2020-11-02,21.443674404139923,15.843507082317428,8.68019432834088,11.409327092766747
18,2018,A,2018-05-06,27.060575130073865,20.29035992496691,8.719958351037148,7.4590009029297
35,2010,A,2010-08-30,22.46251747480997,8.816547036737253,8.386888095389445,8.815583275487732
49,2010,A,2010-12-07,29.985185966557275,6.172901234567901,8.236243944366308,9.671863572433193
38,2019,A,2019-09-22,29.016015853840553,18.810669821654013,8.562353102825302,7.798600834825899
50,2019,A,2019-12-15,19.464116574332852,8.268721780420721,8.187788012073327,7.652403316353479
37,2011,A,2011-09-11,28.339534358047015,9.419852005137718,8.511764918625678,7.125939421338155
51,2018,A,2018-12-23,18.7521028193871,10.571561088991624,8.353949511910633,6.423004188561672
35,2017,A,2017-08-27,24.664293566921717,8.401407706708818,8.179779369495252,8.163779642412521
48,2015,A,2015-11-29,19.192268617752177,14.631835895317577,8.434471954705165,11.036463007088372
7,2014,A,2014-02-16,15.889323308270678,34.77357894736842,8.431729323308272,11.566766917293235
22,2014,A,2014-06-01,21.034828275055304,22.380295327791448,8.650664934404753,9.903168838001132
46,2012,A,2012-11-11,23.67123797106848,11.689382256161919,8.390106785869497,7.024448376482275
1,2010,A,2010-01-03,25.14441032385336,12.981034851224726,8.48512291084443,7.967755781138692
26,2010,A,2010-06-27,22.980368463752264,14.261386429990134,8.371015763707433,8.327880731034892
10,2013,A,2013-03-10,20.513164690675698,21.033628032435114,8.637749761028878,9.925390507602577
43,2015,A,2015-10-25,26.973971620169863,13.207014380884797,8.443463237731672,7.838947049517743
14,2019,A,2019-04-09,26.01983976945457,17.142826334168028,8.491122395772337,7.923242374519717
31,2015,A,2015-08-02,22.042367811096625,16.561982036795598,8.803398315704516,12.098897580761987
41,2017,A,2017-10-08,26.587040412971625,9.71673437250776,8.336440677966102,7.597982207545707
4,2018,A,2018-01-28,16.687429569961214,5.3574334057878366,8.085822784810127,7.041651110258705
25,2019,A,2019-06-23,28.199806939092653,29.633019758019756,8.895650143507288,8.638154385297241
24,2019,A,2019-06-16,27.594582654425952,34.93241853049019,8.900558310464218,8.441189304521544
41,2013,A,2013-10-13,25.764540269856727,31.443937710076522,8.660196828487967,7.767508693837807
25,2015,A,2015-06-21,26.46811154186152,11.62637316669462,8.723528899402634,8.888837299750126
44,2017,A,2017-10-29,20.46753377837944,13.055939264685362,8.451134460078995,9.600541604721345
37,2019,A,2019-09-15,29.28743986455721,20.504114222424484,8.638224892935863,7.914098038667682
46,2019,A,2019-11-17,22.71817448323187,13.772121062528766,8.31519698318803,7.662114410200909
12,2016,A,2016-03-22,18.57661706987511,15.9779879689073,8.707036216959928,12.072763991743669
30,2018,A,2018-07-29,23.253764197160166,9.666968352833338,8.605884905986148,9.476127292027034
9,2018,A,2018-03-04,27.013707337143444,10.42430271053176,8.80209201840911,9.00003406018115
3,2012,A,2012-01-15,16.015860805860804,33.72622710622711,8.125018315018314,9.097362637362638
25,2014,A,2014-06-22,26.89910902868318,16.067909603843432,8.245116496767064,8.07787182746632
50,2014,A,2014-12-14,19.79140477582032,8.921441137179595,7.961837182241317,7.911699924855974
7,2010,A,2010-02-14,17.069626018064415,16.659606448482638,8.367218127347735,10.149334144692327
42,2019,A,2019-10-20,27.384508256111395,10.17078406509413,8.44288249021715,7.4287878039608115
5,2017,A,2017-01-29,15.329756296000324,9.912887582234523,8.37587693894836,10.2547164633042
32,2019,A,2019-08-11,22.266988265971317,12.185147761842678,8.33301282051282,7.8604498044328555
14,2015,A,2015-04-05,27.053188463542465,9.619106530457314,8.616572885930603,9.487931349920194
17,2019,A,2019-04-30,17.008369996499006,7.827473655035593,8.273021132376396,7.461063820165714
41,2019,A,2019-10-13,28.032967355191335,10.136164637431794,8.530017926386973,7.8751231366764785
4,2020,A,2020-01-26,16.24298555217145,11.39614926100947,8.012548209253412,8.01391986175142
18,2019,A,2019-05-05,26.96164304728177,21.874070803372465,8.594810127956743,8.250568712124917
34,2013,A,2013-08-25,29.706259865007684,13.700950340122255,8.51975461212368,7.616348418640867
46,2017,A,2017-11-12,23.010351089107225,14.219613119737119,8.540594503547487,7.9164795914783
19,2020,A,2020-05-10,24.656919567959847,7.371437044607096,8.58709151444906,10.765826991035402
10,2011,A,2011-03-06,26.531056609556504,10.022060103595182,8.4405557207221,7.482563352438165
34,2011,A,2011-08-21,29.82126894827317,19.447739459847934,8.616553032839953,7.557838948049919
22,2013,A,2013-06-02,22.58583938092627,19.41469856254023,8.75120969205377,9.29171111406254
51,2013,A,2013-12-22,17.51598062953995,13.062217917675545,7.971123019489561,5.894818401937046
5,2016,A,2016-01-31,19.199337574367497,16.088495389124855,8.49505724250877,10.81647257182135
29,2020,A,2020-07-19,29.21601966940809,5.149397133182416,8.69359157133304,8.70365976861942
3,2016,A,2016-01-17,16.41269657193832,14.753285331974002,8.048753026634383,8.904927997961005
32,2017,A,2017-08-06,27.026862860058966,8.586215428644708,8.525686258055854,7.738431068228289
1,2017,A,2017-01-01,20.295548764872365,10.385640466622695,8.646912326147426,10.552780192817606
20,2019,A,2019-05-19,23.85115982149778,14.501792989800512,8.620285595247324,12.138477623550777
12,2017,A,2017-03-19,17.12711330056396,9.282787285781792,8.869105943087122,12.390751055261196
40,2018,A,2018-10-07,26.605517719446517,20.684149927807358,8.739627389071392,7.322925162062901
49,2018,A,2018-12-09,22.998831413136795,38.2777827136998,8.719607599503169,7.506260527974136
18,2014,A,2014-05-04,26.15440287258361,16.231682815080298,8.664940922799007,8.770548521045571
50,2017,A,2017-12-10,20.955409350891387,9.99025931679502,8.36607820308394,7.567672301472855
40,2020,A,2020-10-04,26.932922501260673,11.41465851264732,8.748786786943532,9.508955160626996
51,2012,A,2012-12-16,19.317360774818404,13.03503631961259,8.001719128329297,7.376174334140436
35,2011,A,2011-08-28,29.668982514481872,20.732346586808386,8.576846706715298,7.207311199313452
18,2012,A,2012-05-01,16.15051282051282,11.451025641025641,8.119871794871795,9.380641025641026
26,2015,A,2015-06-28,21.501368764328316,16.86770839348392,8.577065124933545,10.523365784325291
41,2018,A,2018-10-14,27.768967630880464,12.018527451384594,8.939946574589433,7.312135211249135
21,2014,A,2014-05-25,25.25711426191511,16.611535093437634,8.773388402557893,9.518580689555266
37,2012,A,2012-09-11,23.086186440677963,14.78771186440678,8.395508474576271,7.326440677966102
39,2010,A,2010-10-01,17.546881024096386,11.410134036144578,8.112043674698796,7.812005271084336
40,2011,A,2011-10-06,28.445555555555558,11.38963888888889,8.64561111111111,7.894444444444445
28,2010,A,2010-07-13,29.082424522845248,6.0845848235753275,8.629727780884439,9.026825789293401
22,2016,A,2016-05-29,20.60111892720644,13.745497683778579,8.48840420171407,10.023155787895906
0,2016,A,2016-01-01,16.442070371164984,16.111251877279553,8.061490395480226,8.511010512765502
10,2020,A,2020-03-08,24.768403396469527,11.213725016581776,8.653429931350422,9.89860511708474
15,2020,A,2020-04-12,20.342016302480527,19.948814302257762,8.840676051878283,14.32646246458238
41,2011,A,2011-10-09,27.07558500628314,13.223928280258681,8.539913890336225,8.341625448248383
12,2020,A,2020-03-22,17.614809979112568,44.419084172642286,8.886930533391237,14.029864689822052
13,2020,A,2020-03-29,17.786873066807004,35.36390683768404,8.653744370938112,12.859755092618787
23,2014,A,2014-06-08,26.247708858401843,14.515534838221923,8.598432111260903,8.055267601239496
8,2016,A,2016-02-21,16.01167507376035,17.418015608641856,8.424398728076275,11.003944989054915
1,2011,A,2011-01-06,28.33379938271605,8.016862139917695,8.589349794238684,7.803258230452674
20,2018,A,2018-05-20,25.891365002061434,11.534424108431251,8.82829884044527,9.285945861678005
24,2020,A,2020-06-14,26.13439191919192,9.222959884559884,8.635084163059163,8.863803932178932
35,2012,A,2012-09-01,16.55205128205128,10.381282051282051,8.049999999999999,8.193333333333333
38,2018,A,2018-09-23,29.210637843169486,16.07022704440426,8.977026138418543,8.092634116937914
22,2015,A,2015-05-31,20.3411830569996,15.67196476580112,8.739413434716734,11.385849918484112
0,2019,A,2019-01-01,16.715778071857816,6.768904112858543,8.32223032007842,8.184962660358863
